code,system
4428.00,readv2
L4000T,readv2
442D000,readv2
442D.00,readv2
442D100,readv2
L4031AN,readv2
L4031AA,readv2
L4031,readv2
442Q.00,readv2
442T.00,readv2
442P.00,readv2
442S.00,readv2
442R.00,readv2
442W.00,readv2
4424200,readv2
4424.00,readv2
442V.00,readv2
4424100,readv2
4426.00,readv2
L 112MA,readv2
L4031HS,readv2
L4031LS,readv2
442..12,readv2
442..11,readv2
4425.00,readv2
442e.00,readv2
4427.00,readv2
L4021L,readv2
L4031NM,readv2
L 112N,readv2
L4031LF,readv2
442N.00,readv2
442L.00,readv2
442c.00,readv2
442M.00,readv2
442K.00,readv2
442O.00,readv2
442X.00,readv2
442..13,readv2
442I.00,readv2
442H.00,readv2
442J.00,readv2
R145.00,readv2
R145z00,readv2
L4033F,readv2
L4033FN,readv2
L4033FA,readv2
442d.00,readv2
442g.00,readv2
4429.00,readv2
442..14,readv2
442V.,readv2
442a.00,readv2
442b.00,readv2
442f.00,readv2
4426100,readv2
4426000,readv2
442A000,readv2
442A100,readv2
4424000,readv2
L 112NC,readv2
L 112MC,readv2
L4021LN,readv2
L 112NB,readv2
L 112MB,readv2
L4021LA,readv2
442G.00,readv2
4423.00,readv2
4422.00,readv2
442..00,readv2
442Z.00,readv2
442B.00,readv2
4421.00,readv2
442C.00,readv2
442F.00,readv2
L4071,readv2
4421.11,readv2
442Y.00,readv2
442U.00,readv2
442E.00,readv2
442A.00,readv2
L4000TE,readv2
L4021PA,readv2
L4021PV,readv2
L4021PN,readv2